{"Dimension": [3, 3, 3, 3, 3, 3, 3, 3, 3, 3, 3, 3, 3, 3, 3, 3, 3, 3, 3, 3, 3, 3, 3, 3, 3, 3, 3, 3, 3, 3, 3, 3, 3, 3, 3, 3, 3, 3, 3, 3, 3, 3, 3, 3, 3, 3, 3, 3, 3, 3, 3, 3, 3, 3, 3, 3, 3, 3, 3, 3, 3, 3, 3, 3, 3, 3, 3, 3, 3, 3, 3, 3, 3, 3, 3, 3, 3, 3, 3, 3], "Degree": [2, 2, 2, 2, 2, 3, 3, 3, 3, 3, 4, 4, 4, 4, 4, 5, 5, 5, 5, 5, 2, 2, 2, 2, 2, 3, 3, 3, 3, 3, 4, 4, 4, 4, 4, 5, 5, 5, 5, 5, 2, 2, 2, 2, 2, 3, 3, 3, 3, 3, 4, 4, 4, 4, 4, 5, 5, 5, 5, 5, 2, 2, 2, 2, 2, 3, 3, 3, 3, 3, 4, 4, 4, 4, 4, 5, 5, 5, 5, 5], "Number of cells": [8, 64, 512, 4096, 32768, 8, 64, 512, 4096, 32768, 8, 64, 512, 4096, 32768, 8, 64, 512, 4096, 32768, 8, 64, 512, 4096, 32768, 8, 64, 512, 4096, 32768, 8, 64, 512, 4096, 32768, 8, 64, 512, 4096, 32768, 8, 64, 512, 4096, 32768, 8, 64, 512, 4096, 32768, 8, 64, 512, 4096, 32768, 8, 64, 512, 4096, 32768, 8, 64, 512, 4096, 32768, 8, 64, 512, 4096, 32768, 8, 64, 512, 4096, 32768, 8, 64, 512, 4096, 32768], "Degrees of freedom": [125, 729, 4913, 35937, 274625, 343, 2197, 15625, 117649, 912673, 729, 4913, 35937, 274625, 2146689, 1331, 9261, 68921, 531441, 4173281, 125, 729, 4913, 35937, 274625, 343, 2197, 15625, 117649, 912673, 729, 4913, 35937, 274625, 2146689, 1331, 9261, 68921, 531441, 4173281, 125, 729, 4913, 35937, 274625, 343, 2197, 15625, 117649, 912673, 729, 4913, 35937, 274625, 2146689, 1331, 9261, 68921, 531441, 4173281, 125, 729, 4913, 35937, 274625, 343, 2197, 15625, 117649, 912673, 729, 4913, 35937, 274625, 2146689, 1331, 9261, 68921, 531441, 4173281], "Number of quadrature points": [3, 3, 3, 3, 3, 4, 4, 4, 4, 4, 5, 5, 5, 5, 5, 6, 6, 6, 6, 6, 3, 3, 3, 3, 3, 4, 4, 4, 4, 4, 5, 5, 5, 5, 5, 6, 6, 6, 6, 6, 3, 3, 3, 3, 3, 4, 4, 4, 4, 4, 5, 5, 5, 5, 5, 6, 6, 6, 6, 6, 3, 3, 3, 3, 3, 4, 4, 4, 4, 4, 5, 5, 5, 5, 5, 6, 6, 6, 6, 6], "Options": ["-O1", "-O1", "-O1", "-O1", "-O1", "-O1", "-O1", "-O1", "-O1", "-O1", "-O1", "-O1", "-O1", "-O1", "-O1", "-O1", "-O1", "-O1", "-O1", "-O1", "-O2", "-O2", "-O2", "-O2", "-O2", "-O2", "-O2", "-O2", "-O2", "-O2", "-O2", "-O2", "-O2", "-O2", "-O2", "-O2", "-O2", "-O2", "-O2", "-O2", "-O3", "-O3", "-O3", "-O3", "-O3", "-O3", "-O3", "-O3", "-O3", "-O3", "-O3", "-O3", "-O3", "-O3", "-O3", "-O3", "-O3", "-O3", "-O3", "-O3", "-Ofast", "-Ofast", "-Ofast", "-Ofast", "-Ofast", "-Ofast", "-Ofast", "-Ofast", "-Ofast", "-Ofast", "-Ofast", "-Ofast", "-Ofast", "-Ofast", "-Ofast", "-Ofast", "-Ofast", "-Ofast", "-Ofast", "-Ofast"], "Time (PETSc)": [0.0005371570587158203, 0.003164052963256836, 0.022749900817871094, 0.17669200897216797, 1.3703627586364746, 0.011744976043701172, 0.020239830017089844, 0.16452455520629883, 1.3988957405090332, 11.470579385757446, 0.06908488273620605, 0.11101365089416504, 0.9350943565368652, 7.768431663513184, 63.34978365898132, 0.2656402587890625, 0.5348312854766846, 4.319352626800537, 35.99117875099182, 289.51304936408997, 0.5749640464782715, 0.0031223297119140625, 0.023208141326904297, 0.17350172996520996, 1.423393964767456, 0.011324882507324219, 0.017238378524780273, 0.13973689079284668, 1.1809935569763184, 9.867602348327637, 0.070281982421875, 0.10657572746276855, 0.8987698554992676, 7.440305233001709, 60.64023971557617, 0.2651810646057129, 0.41042351722717285, 3.472398519515991, 28.337223052978516, 225.5581169128418, 0.573871374130249, 0.002290010452270508, 0.015681028366088867, 0.1184234619140625, 1.0324311256408691, 0.010609149932861328, 0.01237177848815918, 0.10083246231079102, 0.8453502655029297, 7.0466718673706055, 0.0628654956817627, 0.06089162826538086, 0.5306217670440674, 4.573504209518433, 36.96323299407959, 0.23887228965759277, 0.2419278621673584, 2.1367201805114746, 17.426156520843506, 140.40793561935425, 0.5699677467346191, 0.002290487289428711, 0.015820741653442383, 0.11803054809570312, 1.017509937286377, 0.010499715805053711, 0.012598752975463867, 0.10074996948242188, 0.846785306930542, 7.371180772781372, 0.06302928924560547, 0.0625152587890625, 0.543161153793335, 4.511562347412109, 36.59252095222473, 0.2387239933013916, 0.22214794158935547, 2.1182498931884766, 17.286784648895264, 128.9855763912201], "Time (ufl.action)": [0.011859655380249023, 0.0019559860229492188, 0.002661466598510742, 0.009131193161010742, 0.06009984016418457, 0.0019404888153076172, 0.002249002456665039, 0.0061991214752197266, 0.033475637435913086, 0.2522132396697998, 0.0019791126251220703, 0.0034847259521484375, 0.015912532806396484, 0.11353921890258789, 0.8948752880096436, 0.0031490325927734375, 0.007420778274536133, 0.04607820510864258, 0.35818982124328613, 2.861212968826294, 0.001954793930053711, 0.0019118785858154297, 0.0027589797973632812, 0.008800506591796875, 0.05880308151245117, 0.001888275146484375, 0.002398967742919922, 0.0056455135345458984, 0.03204846382141113, 0.23908019065856934, 0.002074003219604492, 0.0034236907958984375, 0.015137672424316406, 0.10890507698059082, 0.8769896030426025, 0.002640962600708008, 0.006386756896972656, 0.03878068923950195, 0.29162168502807617, 2.3448164463043213, 0.0017707347869873047, 0.014745473861694336, 0.002443075180053711, 0.007395744323730469, 0.04584002494812012, 0.001956462860107422, 0.0021355152130126953, 0.004918575286865234, 0.02586817741394043, 0.19848084449768066, 0.0019259452819824219, 0.003225088119506836, 0.012145519256591797, 0.0858011245727539, 0.6734106540679932, 0.0022690296173095703, 0.005648374557495117, 0.03213787078857422, 0.24408864974975586, 1.9605090618133545, 0.001863241195678711, 0.0018033981323242188, 0.0022406578063964844, 0.005628824234008789, 0.0312650203704834, 0.0018935203552246094, 0.0019211769104003906, 0.0032570362091064453, 0.01268625259399414, 0.08912849426269531, 0.0018391609191894531, 0.02158379554748535, 0.0066373348236083984, 0.040967702865600586, 0.3223435878753662, 0.002125263214111328, 0.0032379627227783203, 0.014131546020507812, 0.09348344802856445, 0.7466752529144287], "L2 error (PETSc)": [4.94326002619577e-32, 4.1347708794697405e-32, 5.645090031843923e-32, 6.566815231241822e-32, 6.573666089592422e-32, 6.206209454784477e-32, 7.820395313729333e-32, 8.635118915805991e-32, 9.047087230398538e-32, 9.272557260381804e-32, 5.704508817064673e-32, 9.51996038519813e-32, 1.0293608590302267e-31, 1.0254355181648502e-31, 1.0477840953245766e-31, 1.2268362003951944e-31, 1.119907267368583e-31, 1.3030781477670757e-31, 1.308790283658095e-31, 1.3311542872278378e-31, 4.94326002619577e-32, 3.611990999174403e-32, 5.493211538965567e-32, 6.383121954800432e-32, 6.333237759046519e-32, 5.943057215475614e-32, 7.951769739479258e-32, 8.59542209523448e-32, 8.901095809201631e-32, 9.269403377821583e-32, 5.704508817064673e-32, 9.335765175966556e-32, 1.044746564204194e-31, 1.0303919917034975e-31, 1.0465273260086438e-31, 1.22392358387309e-31, 1.1515761303686095e-31, 1.3155501533125147e-31, 1.3124956463504997e-31, 1.3271407582081266e-31, 4.94326002619577e-32, 3.611990999174403e-32, 5.493211538965567e-32, 6.383121954800432e-32, 6.333237759046519e-32, 5.943057215475614e-32, 7.951769739479258e-32, 8.59542209523448e-32, 8.901095809201631e-32, 9.269403377821583e-32, 5.704508817064673e-32, 9.335765175966556e-32, 1.044746564204194e-31, 1.0303919917034975e-31, 1.0465273260086438e-31, 1.22392358387309e-31, 1.1515761303686095e-31, 1.3155501533125147e-31, 1.3124956463504997e-31, 1.3271407582081266e-31, 4.94326002619577e-32, 3.778774883210857e-32, 5.854160599880616e-32, 6.452845750099619e-32, 6.217031906655981e-32, 7.674252270003095e-32, 7.806697157728931e-32, 8.945222468389439e-32, 9.177133304143891e-32, 9.059205393075602e-32, 5.354933552777694e-32, 7.685256394536649e-32, 7.000205442221302e-32, 7.419346024095846e-32, 7.632012299482612e-32, 1.0140364779129432e-31, 7.538407162997271e-32, 9.637152787047256e-32, 9.721795658251339e-32, 9.788179964225214e-32],