{"Dimension": [2, 2, 2, 2, 2, 2, 2, 2, 2, 2, 2, 2, 2, 2, 2, 2, 2, 2, 2, 2, 2, 2, 2, 2, 2, 2, 2, 2, 2, 2, 2, 2, 2, 2, 2, 2, 2, 2, 2, 2, 2, 2, 2, 2, 2, 2, 2, 2, 2, 2, 2, 2, 2, 2, 2, 2, 2, 2, 2, 2, 2, 2, 2, 2, 2, 2, 2, 2, 2, 2, 2, 2, 2, 2, 2, 2, 2, 2, 2, 2], "Degree": [2, 2, 2, 2, 2, 3, 3, 3, 3, 3, 4, 4, 4, 4, 4, 5, 5, 5, 5, 5, 2, 2, 2, 2, 2, 3, 3, 3, 3, 3, 4, 4, 4, 4, 4, 5, 5, 5, 5, 5, 2, 2, 2, 2, 2, 3, 3, 3, 3, 3, 4, 4, 4, 4, 4, 5, 5, 5, 5, 5, 2, 2, 2, 2, 2, 3, 3, 3, 3, 3, 4, 4, 4, 4, 4, 5, 5, 5, 5, 5], "Number of cells": [8, 64, 512, 4096, 32768, 8, 64, 512, 4096, 32768, 8, 64, 512, 4096, 32768, 8, 64, 512, 4096, 32768, 8, 64, 512, 4096, 32768, 8, 64, 512, 4096, 32768, 8, 64, 512, 4096, 32768, 8, 64, 512, 4096, 32768, 8, 64, 512, 4096, 32768, 8, 64, 512, 4096, 32768, 8, 64, 512, 4096, 32768, 8, 64, 512, 4096, 32768, 8, 64, 512, 4096, 32768, 8, 64, 512, 4096, 32768, 8, 64, 512, 4096, 32768, 8, 64, 512, 4096, 32768], "Degrees of freedom": [125, 729, 4913, 35937, 274625, 343, 2197, 15625, 117649, 912673, 729, 4913, 35937, 274625, 2146689, 1331, 9261, 68921, 531441, 4173281, 125, 729, 4913, 35937, 274625, 343, 2197, 15625, 117649, 912673, 729, 4913, 35937, 274625, 2146689, 1331, 9261, 68921, 531441, 4173281, 125, 729, 4913, 35937, 274625, 343, 2197, 15625, 117649, 912673, 729, 4913, 35937, 274625, 2146689, 1331, 9261, 68921, 531441, 4173281, 125, 729, 4913, 35937, 274625, 343, 2197, 15625, 117649, 912673, 729, 4913, 35937, 274625, 2146689, 1331, 9261, 68921, 531441, 4173281], "Number of quadrature points": [3, 3, 3, 3, 3, 4, 4, 4, 4, 4, 5, 5, 5, 5, 5, 6, 6, 6, 6, 6, 3, 3, 3, 3, 3, 4, 4, 4, 4, 4, 5, 5, 5, 5, 5, 6, 6, 6, 6, 6, 3, 3, 3, 3, 3, 4, 4, 4, 4, 4, 5, 5, 5, 5, 5, 6, 6, 6, 6, 6, 3, 3, 3, 3, 3, 4, 4, 4, 4, 4, 5, 5, 5, 5, 5, 6, 6, 6, 6, 6], "Options": ["-O1", "-O1", "-O1", "-O1", "-O1", "-O1", "-O1", "-O1", "-O1", "-O1", "-O1", "-O1", "-O1", "-O1", "-O1", "-O1", "-O1", "-O1", "-O1", "-O1", "-O2", "-O2", "-O2", "-O2", "-O2", "-O2", "-O2", "-O2", "-O2", "-O2", "-O2", "-O2", "-O2", "-O2", "-O2", "-O2", "-O2", "-O2", "-O2", "-O2", "-O3", "-O3", "-O3", "-O3", "-O3", "-O3", "-O3", "-O3", "-O3", "-O3", "-O3", "-O3", "-O3", "-O3", "-O3", "-O3", "-O3", "-O3", "-O3", "-O3", "-Ofast", "-Ofast", "-Ofast", "-Ofast", "-Ofast", "-Ofast", "-Ofast", "-Ofast", "-Ofast", "-Ofast", "-Ofast", "-Ofast", "-Ofast", "-Ofast", "-Ofast", "-Ofast", "-Ofast", "-Ofast", "-Ofast", "-Ofast"], "Time (matrix)": [0.0007939338684082031, 0.0033462047576904297, 0.023884057998657227, 0.18262410163879395, 1.4435083866119385, 0.012967348098754883, 0.02086472511291504, 0.170623779296875, 1.46168851852417, 11.879374027252197, 0.06175732612609863, 0.113861083984375, 0.9331443309783936, 7.847532033920288, 63.89912390708923, 0.25228166580200195, 0.5350439548492432, 4.5908637046813965, 37.420955181121826, 298.7978136539459, 0.544884204864502, 0.003278493881225586, 0.023805618286132812, 0.1912829875946045, 1.5582759380340576, 0.011796712875366211, 0.01820087432861328, 0.1468822956085205, 1.2476799488067627, 10.316204071044922, 0.06503176689147949, 0.11025834083557129, 0.9256112575531006, 7.653377532958984, 61.68810057640076, 0.23771023750305176, 0.4166245460510254, 3.513049602508545, 28.47577667236328, 229.35367965698242, 0.5482945442199707, 0.0023941993713378906, 0.016686439514160156, 0.12433576583862305, 1.0860545635223389, 0.015804529190063477, 0.012942314147949219, 0.10107421875, 0.9240062236785889, 7.3402369022369385, 0.0578761100769043, 0.06463289260864258, 0.5202674865722656, 4.610041618347168, 37.42528486251831, 0.22329115867614746, 0.22849035263061523, 2.015442371368408, 17.815057277679443, 132.09334635734558, 0.547410249710083, 0.002362489700317383, 0.016569137573242188, 0.12183618545532227, 1.0691134929656982, 0.010719537734985352, 0.012017488479614258, 0.09845304489135742, 0.9085536003112793, 7.2130961418151855, 0.05593109130859375, 0.061997413635253906, 0.5213577747344971, 4.559707403182983, 37.149388551712036, 0.2086195945739746, 0.24654388427734375, 1.9040043354034424, 17.724249124526978, 134.38146376609802], "Time (vector)": [0.00013256072998046875, 0.0003330707550048828, 0.0018892288208007812, 0.0144195556640625, 0.11558079719543457, 0.00023865699768066406, 0.001077413558959961, 0.007887601852416992, 0.06322908401489258, 0.5038607120513916, 0.0005521774291992188, 0.0035631656646728516, 0.028038978576660156, 0.22439074516296387, 1.8010032176971436, 0.0015687942504882812, 0.01128387451171875, 0.09050178527832031, 0.7168364524841309, 5.798821210861206, 0.0001437664031982422, 0.00037097930908203125, 0.0018873214721679688, 0.014119386672973633, 0.11253643035888672, 0.0002300739288330078, 0.0010268688201904297, 0.007407426834106445, 0.05962991714477539, 0.47681498527526855, 0.0005333423614501953, 0.0036771297454833984, 0.026946306228637695, 0.21573305130004883, 1.7523293495178223, 0.0012507438659667969, 0.00930929183959961, 0.07326674461364746, 0.5835158824920654, 4.754716157913208, 0.00013947486877441406, 0.0002770423889160156, 0.0015497207641601562, 0.011113882064819336, 0.0883030891418457, 0.0002636909484863281, 0.0008778572082519531, 0.006106138229370117, 0.047724246978759766, 0.38268089294433594, 0.00043392181396484375, 0.002825021743774414, 0.020842790603637695, 0.1667642593383789, 1.337897539138794, 0.0010972023010253906, 0.007872581481933594, 0.06120729446411133, 0.4881575107574463, 3.976768970489502, 0.00013208389282226562, 0.00025081634521484375, 0.0010790824890136719, 0.007241487503051758, 0.058249711990356445, 0.0001728534698486328, 0.00045108795166015625, 0.0027246475219726562, 0.021155834197998047, 0.18146729469299316, 0.0002722740173339844, 0.001322031021118164, 0.009783267974853516, 0.07867240905761719, 0.6338825225830078, 0.0005776882171630859, 0.003078460693359375, 0.023291826248168945, 0.18491697311401367, 1.5074265003204346], "Time (ufl.action)": [0.012009859085083008, 0.0021932125091552734, 0.0037009716033935547, 0.01650261878967285, 0.11743998527526855, 0.0019524097442626953, 0.0028846263885498047, 0.009696483612060547, 0.06500363349914551, 0.5052371025085449, 0.0024137496948242188, 0.005452394485473633, 0.030262231826782227, 0.22705912590026855, 1.805612325668335, 0.0032482147216796875, 0.01944708824157715, 0.09102368354797363, 0.7198150157928467, 5.774011850357056, 0.0018737316131591797, 0.0021462440490722656, 0.0035910606384277344, 0.016147613525390625, 0.11529207229614258, 0.0020749568939208984, 0.002946138381958008, 0.009593009948730469, 0.06202197074890137, 0.4806225299835205, 0.002508878707885742, 0.005367755889892578, 0.02916550636291504, 0.2181079387664795, 1.744220495223999, 0.003195524215698242, 0.011059045791625977, 0.07561230659484863, 0.5870044231414795, 4.717482328414917, 0.0020303726196289062, 0.001998424530029297, 0.0033271312713623047, 0.012984275817871094, 0.09000921249389648, 0.0021576881408691406, 0.0027494430541992188, 0.00786280632019043, 0.050018310546875, 0.3854391574859619, 0.0024061203002929688, 0.004442691802978516, 0.023761749267578125, 0.16888689994812012, 1.344698429107666, 0.0029397010803222656, 0.009742975234985352, 0.06293869018554688, 0.4925661087036133, 3.941070079803467, 0.0020105838775634766, 0.0019381046295166016, 0.0029070377349853516, 0.009316205978393555, 0.06009674072265625, 0.0018842220306396484, 0.0023157596588134766, 0.0045201778411865234, 0.02354121208190918, 0.18369030952453613, 0.0022890567779541016, 0.0031342506408691406, 0.011921882629394531, 0.08073139190673828, 0.6336510181427002, 0.0031757354736328125, 0.004957675933837891, 0.025222063064575195, 0.18742728233337402, 1.5006983280181885],