type,degree,element_size,nelem_per_wavelength,dofs,l2_fe,l2_ba,l2_fe_arr,l2_ba_arr
Default,1,5.293671719564866e-05,8,243049,1.3710626851756706,0.055353251546065324
Default,1,2.6495284700161893e-05,16,968256,1.2030543267785825,0.014007714680039111
Default,1,1.3254384152803633e-05,32,3865156,0.3533041747419984,0.003514382768632321
Default,1,6.628878814013525e-06,64,15444900,
