type,degree,nelem_per_wavelength,element_size,dofs,l2_fe,l2_ba,l2_fe_arr,l2_ba_arr
Default,1,8,5.293671719564866e-05,243049,1.4041320362989658,0.05535325154605955,1.4042089937702054,0.05532124796322325
Default,1,16,2.6495284700161893e-05,968256,1.5861345633445292,0.014007714680065321,1.5858794474401625,0.014021295568210568
Default,1,32,1.3254384152803633e-05,3865156,0.3533041747419984,0.003514382768632321
Default,1,6.628878814013525e-06,64,15444900,
Default,2,4,0.00010587343439129731,243049,0.7295943863987352,0.021453352750513306
Default,2,8,5.293671719564866e-05,970225,0.05368695971060182,0.002750156384410012
Default,2,16,2.6495284700161893e-05,3869089,0.0034713000483484755,0.0003470365068561076
Default,3,4,0.00010587343439129731,546121,0.010945313839701947,0.001879867328016092
Default,3,8,5.293671719564866e-05,2181529,0.00035240297701596773,0.00011987790150895277
Default,3,16,2.6495284700161893e-05,8702500,
