type,degree,element_size,nelem_per_wavelength,l2_fe,l2_ba,l2_fe_arr,l2_ba_arr
default,1,5.293671719564866e-05,8,1.4041320362989658,0.05535325154605955,1.2361090810705626,0.05532124796322325
default,1,2.6495284700161893e-05,16,1.5861345633445292,0.014007714680065321,1.5858794474401625,0.014021295568210568
default,1,1.3254384152803633e-05,32,
