{"Type": ["GLLv", "GLLv", "GLLv", "GLLv", "GLLv", "GLLv", "GLLv", "GLLv", "GLLv", "GLLv", "GLLv"], "Dimension": [1, 1, 1, 1, 1, 1, 1, 1, 1, 1, 1], "Tolerance": [0.1, 0.01, 0.001, 0.0001, 0.1, 0.01, 0.001, 0.0001, 0.1, 0.01, 0.001], "Time step": ["nan", "nan", "nan", "nan", "nan", "nan", "nan", "nan", "nan", "nan", "nan"], "Total step": [82135, 185240, 410067, 898400, 93840, 212084, 473583, 1055849, 106526, 241013, 542461], "Final time": [1.267766703851764e-05, 1.267766703851764e-05, 1.267766703851764e-05, 1.267766703851764e-05, 1.267766703851764e-05, 1.267766703851764e-05, 1.267766703851764e-05, 1.267766703851764e-05, 1.267766703851764e-05, 1.267766703851764e-05, 1.267766703851764e-05], "Basis degree": [2, 2, 2, 2, 2, 2, 2, 2, 2, 2, 2], "Number of element per wavelength": [4, 4, 4, 4, 8, 8, 8, 8, 16, 16, 16], "Degrees of freedom": [493, 493, 493, 493, 985, 985, 985, 985, 1967, 1967, 1967], "Element size": [7.486382340559537e-05, 7.486382340559537e-05, 7.486382340559537e-05, 7.486382340559537e-05, 3.743191170279768e-05, 3.743191170279768e-05, 3.743191170279768e-05, 3.743191170279768e-05, 1.8734995480952655e-05, 1.8734995480952655e-05, 1.8734995480952655e-05], "L2 error (FE)": [0.5296141823702261, 0.4825712559383655, 0.4859685666649903, 0.4960557173933908, 0.3472012162969259, 0.1809241992487524, 0.0913049399924818, 0.0501227497330868, 0.31532595216228854, 0.16084892061466327, 0.07747038750956453], "L2 error (BA)": [0.021377631171518984, 0.021377631171518984, 0.021377631171518984, 0.021377631171518984, 0.00274329193991226, 0.00274329193991226, 0.00274329193991226, 0.00274329193991226, 0.0003462130414711543, 0.0003462130414711543, 0.0003462130414711543], "Linear solver": ["Direct", "Direct", "Direct", "Direct", "Direct", "Direct", "Direct", "Direct", "Direct", "Direct", "Direct"], "RK level": [4, 4, 4, 4, 4, 4, 4, 4, 4, 4, 4]}