{"Dimension": [2, 2, 2, 2, 2, 2, 2, 2, 2, 2, 2, 2, 2, 2, 2, 2, 2, 2, 2, 2, 2, 2, 2, 2, 2, 2, 2, 2, 2, 2, 2, 2, 2, 2, 2, 2, 2, 2, 2, 2, 2, 2, 2, 2, 2, 2, 2, 2, 2, 2, 2, 2, 2, 2, 2, 2, 2, 2, 2, 2, 2, 2, 2, 2, 2, 2, 2, 2, 2, 2, 2, 2, 2, 2, 2, 2, 2, 2, 2, 2], "Degree": [2, 2, 2, 2, 2, 3, 3, 3, 3, 3, 4, 4, 4, 4, 4, 5, 5, 5, 5, 5, 2, 2, 2, 2, 2, 3, 3, 3, 3, 3, 4, 4, 4, 4, 4, 5, 5, 5, 5, 5, 2, 2, 2, 2, 2, 3, 3, 3, 3, 3, 4, 4, 4, 4, 4, 5, 5, 5, 5, 5, 2, 2, 2, 2, 2, 3, 3, 3, 3, 3, 4, 4, 4, 4, 4, 5, 5, 5, 5, 5], "Number of cells": [8, 64, 512, 4096, 32768, 8, 64, 512, 4096, 32768, 8, 64, 512, 4096, 32768, 8, 64, 512, 4096, 32768, 8, 64, 512, 4096, 32768, 8, 64, 512, 4096, 32768, 8, 64, 512, 4096, 32768, 8, 64, 512, 4096, 32768, 8, 64, 512, 4096, 32768, 8, 64, 512, 4096, 32768, 8, 64, 512, 4096, 32768, 8, 64, 512, 4096, 32768, 8, 64, 512, 4096, 32768, 8, 64, 512, 4096, 32768, 8, 64, 512, 4096, 32768, 8, 64, 512, 4096, 32768], "Degrees of freedom": [125, 729, 4913, 35937, 274625, 343, 2197, 15625, 117649, 912673, 729, 4913, 35937, 274625, 2146689, 1331, 9261, 68921, 531441, 4173281, 125, 729, 4913, 35937, 274625, 343, 2197, 15625, 117649, 912673, 729, 4913, 35937, 274625, 2146689, 1331, 9261, 68921, 531441, 4173281, 125, 729, 4913, 35937, 274625, 343, 2197, 15625, 117649, 912673, 729, 4913, 35937, 274625, 2146689, 1331, 9261, 68921, 531441, 4173281, 125, 729, 4913, 35937, 274625, 343, 2197, 15625, 117649, 912673, 729, 4913, 35937, 274625, 2146689, 1331, 9261, 68921, 531441, 4173281], "Number of quadrature points": [3, 3, 3, 3, 3, 4, 4, 4, 4, 4, 5, 5, 5, 5, 5, 6, 6, 6, 6, 6, 3, 3, 3, 3, 3, 4, 4, 4, 4, 4, 5, 5, 5, 5, 5, 6, 6, 6, 6, 6, 3, 3, 3, 3, 3, 4, 4, 4, 4, 4, 5, 5, 5, 5, 5, 6, 6, 6, 6, 6, 3, 3, 3, 3, 3, 4, 4, 4, 4, 4, 5, 5, 5, 5, 5, 6, 6, 6, 6, 6], "Options": ["-O1", "-O1", "-O1", "-O1", "-O1", "-O1", "-O1", "-O1", "-O1", "-O1", "-O1", "-O1", "-O1", "-O1", "-O1", "-O1", "-O1", "-O1", "-O1", "-O1", "-O2", "-O2", "-O2", "-O2", "-O2", "-O2", "-O2", "-O2", "-O2", "-O2", "-O2", "-O2", "-O2", "-O2", "-O2", "-O2", "-O2", "-O2", "-O2", "-O2", "-O3", "-O3", "-O3", "-O3", "-O3", "-O3", "-O3", "-O3", "-O3", "-O3", "-O3", "-O3", "-O3", "-O3", "-O3", "-O3", "-O3", "-O3", "-O3", "-O3", "-Ofast", "-Ofast", "-Ofast", "-Ofast", "-Ofast", "-Ofast", "-Ofast", "-Ofast", "-Ofast", "-Ofast", "-Ofast", "-Ofast", "-Ofast", "-Ofast", "-Ofast", "-Ofast", "-Ofast", "-Ofast", "-Ofast", "-Ofast"], "Time (matrix)": [0.0007541179656982422, 0.003320455551147461, 0.02404165267944336, 0.1839761734008789, 1.4433543682098389, 0.011612176895141602, 0.021561145782470703, 0.17211127281188965, 1.460580587387085, 11.892857074737549, 0.06158089637756348, 0.11580991744995117, 0.934941291809082, 8.008188724517822, 64.44505834579468, 0.2496471405029297, 0.5644204616546631, 4.620899438858032, 37.61824560165405, 301.23681926727295, 0.5520613193511963, 0.0034291744232177734, 0.02395033836364746, 0.18240714073181152, 1.5777430534362793, 0.011061668395996094, 0.017917156219482422, 0.14592766761779785, 1.271416425704956, 10.326078653335571, 0.060807228088378906, 0.11031270027160645, 0.9327328205108643, 7.687439918518066, 62.15859055519104, 0.2335526943206787, 0.4151597023010254, 3.544051170349121, 28.75563931465149, 230.54548382759094, 0.5466775894165039, 0.002430438995361328, 0.016605377197265625, 0.12416553497314453, 1.0851688385009766, 0.010539531707763672, 0.013140439987182617, 0.10246014595031738, 0.9280848503112793, 7.7301037311553955, 0.055678606033325195, 0.06282758712768555, 0.5368130207061768, 4.5753724575042725, 37.98350715637207, 0.209625244140625, 0.22986865043640137, 2.039897918701172, 17.834809064865112, 135.01829075813293, 0.5462143421173096, 0.002681732177734375, 0.016511201858520508, 0.122802734375, 1.0609607696533203, 0.01103830337524414, 0.011915445327758789, 0.10385441780090332, 0.9078559875488281, 7.278430938720703, 0.055355072021484375, 0.06561875343322754, 0.5150744915008545, 4.5444841384887695, 37.373754262924194, 0.2076859474182129, 0.24048161506652832, 2.0353870391845703, 16.80475115776062, 144.46101808547974], "Time (vector)": [0.00013589859008789062, 0.0003294944763183594, 0.0018889904022216797, 0.014615297317504883, 0.11637282371520996, 0.0002391338348388672, 0.0011363029479980469, 0.007879018783569336, 0.06330037117004395, 0.5029053688049316, 0.0005464553833007812, 0.0035669803619384766, 0.028162240982055664, 0.22446584701538086, 1.8275885581970215, 0.0016231536865234375, 0.011309623718261719, 0.08947563171386719, 0.7183012962341309, 5.848130941390991, 0.00013947486877441406, 0.00032591819763183594, 0.0018362998962402344, 0.014820337295532227, 0.11329913139343262, 0.000244140625, 0.0010275840759277344, 0.007523775100708008, 0.05941939353942871, 0.4963374137878418, 0.0005292892456054688, 0.003591775894165039, 0.027198314666748047, 0.21625256538391113, 1.7652528285980225, 0.001239776611328125, 0.009252071380615234, 0.072784423828125, 0.5862946510314941, 4.783356189727783, 0.0001373291015625, 0.00028133392333984375, 0.0014488697052001953, 0.011106491088867188, 0.08721327781677246, 0.00021004676818847656, 0.0008454322814941406, 0.007318258285522461, 0.04860687255859375, 0.38477659225463867, 0.0005140304565429688, 0.0026810169219970703, 0.02095484733581543, 0.16631674766540527, 1.333691120147705, 0.0011203289031982422, 0.007648944854736328, 0.06187772750854492, 0.489086389541626, 4.004825115203857, 0.00014829635620117188, 0.00022459030151367188, 0.0010635852813720703, 0.007503032684326172, 0.05772900581359863, 0.0001575946807861328, 0.00044155120849609375, 0.002786874771118164, 0.021210193634033203, 0.17180609703063965, 0.00026988983154296875, 0.0013575553894042969, 0.009757041931152344, 0.09561634063720703, 0.626262903213501, 0.0005583763122558594, 0.003020048141479492, 0.022597312927246094, 0.18092966079711914, 1.5588257312774658], "Time (ufl.action)": [0.011970043182373047, 0.0021238327026367188, 0.0036716461181640625, 0.016446828842163086, 0.1298658847808838, 0.0019643306732177734, 0.002886533737182617, 0.009658575057983398, 0.06627058982849121, 0.5039308071136475, 0.0025267601013183594, 0.005315542221069336, 0.030358314514160156, 0.22645044326782227, 1.800607681274414, 0.0032465457916259766, 0.018140792846679688, 0.0915684700012207, 0.7345306873321533, 5.845280885696411, 0.0019719600677490234, 0.002155780792236328, 0.0035643577575683594, 0.01642608642578125, 0.11539769172668457, 0.0021600723266601562, 0.002864837646484375, 0.009561538696289062, 0.0617375373840332, 0.47938990592956543, 0.0024018287658691406, 0.005340099334716797, 0.028841733932495117, 0.217454195022583, 1.7719595432281494, 0.006374359130859375, 0.011091232299804688, 0.07613801956176758, 0.5859265327453613, 4.80124568939209, 0.0020127296447753906, 0.00206756591796875, 0.0033271312713623047, 0.013084650039672852, 0.08961367607116699, 0.0019328594207763672, 0.0028007030487060547, 0.010703325271606445, 0.05056190490722656, 0.3884115219116211, 0.0023581981658935547, 0.004694700241088867, 0.0239260196685791, 0.1692485809326172, 1.3867824077606201, 0.003015279769897461, 0.00957345962524414, 0.06318950653076172, 0.5077629089355469, 4.006891965866089, 0.0021343231201171875, 0.002081632614135742, 0.002859830856323242, 0.009226083755493164, 0.06021285057067871, 0.001878499984741211, 0.0023038387298583984, 0.004580259323120117, 0.0234677791595459, 0.18550419807434082, 0.0021576881408691406, 0.0032711029052734375, 0.012177228927612305, 0.08026933670043945, 0.6267828941345215, 0.003255605697631836, 0.004957437515258789, 0.025333881378173828, 0.18414664268493652, 1.5655431747436523],